﻿<?xml version="1.0" encoding="utf-8" standalone="yes"?>
<post>
  <author>Admin</author>
  <title>Post two</title>
  <description>This is a post two. The variables searchTerm and selectCommand are initialized at the top. You're go</description>
  <content>&lt;p&gt;This post is just an example using Post List widget with image in the post body.&lt;/p&gt;
&lt;p&gt;&lt;img src="/image.axd?picture=/350x150.png" alt="" /&gt;&lt;/p&gt;
&lt;p&gt;Post List widget should find first image in the post body and display it in the post list when this option selected in the widget admin.&lt;/p&gt;</content>
  <ispublished>True</ispublished>
  <isdeleted>False</isdeleted>
  <iscommentsenabled>True</iscommentsenabled>
  <pubDate>2016-02-06 13:54:00</pubDate>
  <lastModified>2016-02-06 09:20:54</lastModified>
  <raters>0</raters>
  <rating>0</rating>
  <slug>post-two</slug>
  <tags />
  <comments />
  <categories />
  <notifications />
</post>