﻿{
  "$schema": "./node_modules/@angular/cli/lib/config/schema.json",
  "project": {
    "name": "album-viewer"
  },
  "apps": [
    {
      "root": "src",
      "outDir": "../AlbumViewerNetCore/wwwroot",
      "index": "index.html",
      "main": "main.ts",
      "polyfills": "polyfills.ts",
      "test": "test.ts",
      "tsconfig": "tsconfig.app.json",
      "testTsconfig": "tsconfig.spec.json",
      "prefix": "app",
      "assets": [
        "images",
        "favicon.ico",
        "touch-icon.png"
      ],
      "styles": [
        "../node_modules/bootstrap/dist/css/bootstrap.css",
        "../node_modules/bootstrap/dist/css/bootstrap-theme.css",
        "../node_modules/font-awesome/css/font-awesome.css",
        "../node_modules/toastr/build/toastr.css",
        "./css/albumviewer.css"
      ],
      "scripts": [
        "../node_modules/jquery/dist/jquery.js",
        "../node_modules/toastr/toastr.js",
        "../node_modules/bootstrap/dist/js/bootstrap.js",
        "../node_modules/bootstrap-3-typeahead/bootstrap3-typeahead.js"
      ],
      "environmentSource": "environments/environment.ts",
      "environments": {
        "dev": "environments/environment.ts",
        "prod": "environments/environment.prod.ts"
      }
    }
  ],
  "e2e": {
    "protractor": {
      "config": "./protractor.conf.js"
    }
  },
  "lint": [
    {
      "project": "src/tsconfig.app.json"
    },
    {
      "project": "src/tsconfig.spec.json"
    },
    {
      "project": "e2e/tsconfig.e2e.json"
    }
  ],
  "test": {
    "karma": {
      "config": "./karma.conf.js"
    }
  },
  "defaults": {
    "styleExt": "css",
    "component": {}
  }
}
